{
  "version": "1.0",
  "trained_at": "2026-04-27T20:22:55.583122Z",
  "n_samples": 260893,
  "cv_auc": 0.5349,
  "cv_acc": 0.5259,
  "feature_names": [
    "rsi_norm",
    "rsi_slope",
    "rsi_ob",
    "rsi_os",
    "rsi_bull",
    "macd_hist_norm",
    "macd_bull",
    "macd_cross_up",
    "macd_cross_dn",
    "price_ema20",
    "price_ema50",
    "price_ema200",
    "ema20_slope",
    "ema50_slope",
    "ema_bull",
    "ema_bear",
    "above_ema200",
    "bb_pos",
    "bb_width",
    "bb_squeeze",
    "atr_norm",
    "stoch_norm",
    "stoch_os",
    "stoch_ob",
    "vol_ratio",
    "vol_spike",
    "bull_candle",
    "body_ratio",
    "upper_wick",
    "lower_wick",
    "hour_sin",
    "hour_cos"
  ],
  "n_features": 32,
  "coefficients": [
    -0.06406296,
    -0.03099415,
    0.02787775,
    -0.00797987,
    -0.00066237,
    0.00632681,
    -0.00469863,
    0.00709683,
    -0.00483499,
    0.01785221,
    -0.00706396,
    0.01937164,
    0.00694447,
    -0.01928165,
    -0.03014989,
    0.03292282,
    0.0257745,
    -0.04847087,
    -0.00382298,
    0.00813714,
    0.03014434,
    0.00030841,
    -0.00158556,
    -0.01578701,
    -0.00982999,
    -0.00434326,
    -0.0398108,
    0.00423159,
    0.01557617,
    -0.0203535,
    -0.01174685,
    0.02391357
  ],
  "intercept": 0.03314422,
  "scaler_mean": [
    0.0044733,
    -0.0005155,
    0.05073344,
    0.04591921,
    0.5061462,
    -0.00273018,
    0.49365449,
    0.03987842,
    0.04126979,
    7.1e-07,
    0.00027865,
    0.00172724,
    4.751e-05,
    7.906e-05,
    0.371064,
    0.34352014,
    0.51224832,
    0.50130463,
    0.02733044,
    0.64304907,
    0.00625774,
    0.51280312,
    0.17044152,
    0.19919661,
    0.68465227,
    0.10222965,
    0.49733799,
    0.47013732,
    0.25714425,
    0.27271842,
    -0.01774985,
    -0.04311039
  ],
  "scaler_std": [
    0.23775873,
    0.05177468,
    0.21945287,
    0.2093099,
    0.49996222,
    0.21109691,
    0.49995973,
    0.19567353,
    0.19891354,
    0.01196388,
    0.0191837,
    0.03908571,
    0.00570908,
    0.00373401,
    0.48308954,
    0.4748832,
    0.49984996,
    0.30797246,
    0.02976672,
    0.47910016,
    0.00537573,
    0.27788313,
    0.37602022,
    0.39939619,
    0.31344091,
    0.30295008,
    0.49999291,
    0.26175377,
    0.21088812,
    0.2158087,
    0.69899783,
    0.71360244
  ],
  "importance": {
    "rsi_norm": -0.064063,
    "bb_pos": -0.048471,
    "bull_candle": -0.039811,
    "ema_bear": 0.032923,
    "rsi_slope": -0.030994,
    "ema_bull": -0.03015,
    "atr_norm": 0.030144,
    "rsi_ob": 0.027878,
    "above_ema200": 0.025775,
    "hour_cos": 0.023914,
    "lower_wick": -0.020354,
    "price_ema200": 0.019372,
    "ema50_slope": -0.019282,
    "price_ema20": 0.017852,
    "stoch_ob": -0.015787
  }
}